{"cameraMode":{"drawMode":0,"name":"Shaded","section":"Shading Mode"},"sceneLighting":false,"audioPlay":false,"sceneViewState":{"showFog":true,"showMaterialUpdate":false,"showSkybox":false,"showFlares":true,"showImageEffects":true,"showParticleSystems":true},"in2DMode":false,"pivot":{"x":-21.90582847595215,"y":-4.790489196777344,"z":24.89974594116211},"rotation":{"x":0.19797079265117646,"y":0.2857583463191986,"z":-0.0604582317173481,"w":0.9356986284255981},"size":23.565311431884767,"orthographic":false}