{"cameraMode":{"drawMode":0,"name":"Shaded","section":"Shading Mode"},"sceneLighting":true,"audioPlay":false,"sceneViewState":{"showFog":true,"showMaterialUpdate":false,"showSkybox":true,"showFlares":true,"showImageEffects":true,"showParticleSystems":true},"in2DMode":false,"pivot":{"x":-21.398693084716798,"y":12.868385314941407,"z":97.35572052001953},"rotation":{"x":-0.02354966104030609,"y":-0.10627733916044235,"z":-0.0025528350379318,"w":0.9941225647926331},"size":66.6285629272461,"orthographic":false}