{"cameraMode":{"drawMode":0,"name":"Shaded","section":"Shading Mode"},"sceneLighting":true,"audioPlay":false,"sceneViewState":{"showFog":true,"showMaterialUpdate":false,"showSkybox":true,"showFlares":true,"showImageEffects":true,"showParticleSystems":true},"in2DMode":false,"pivot":{"x":1.260111689567566,"y":2.1918997764587404,"z":3.466768980026245},"rotation":{"x":0.11436419934034348,"y":0.12276444584131241,"z":-0.01422624010592699,"w":0.985742449760437},"size":3.441610813140869,"orthographic":false}