{"cameraMode":{"drawMode":0,"name":"Shaded","section":"Shading Mode"},"sceneLighting":true,"audioPlay":false,"sceneViewState":{"showFog":true,"showMaterialUpdate":false,"showSkybox":true,"showFlares":true,"showImageEffects":true,"showParticleSystems":true},"in2DMode":false,"pivot":{"x":1.3827553987503052,"y":1.7334294319152833,"z":2.6044254302978517},"rotation":{"x":0.16424205899238587,"y":0.012724613770842553,"z":-0.0021154137793928386,"w":0.986354410648346},"size":6.792693614959717,"orthographic":false}