{"cameraMode":{"drawMode":0,"name":"Shaded","section":"Shading Mode"},"sceneLighting":false,"audioPlay":false,"sceneViewState":{"showFog":true,"showMaterialUpdate":false,"showSkybox":false,"showFlares":true,"showImageEffects":true,"showParticleSystems":true},"in2DMode":false,"pivot":{"x":16.01177215576172,"y":2.3333611488342287,"z":19.079404830932618},"rotation":{"x":-0.2018246203660965,"y":0.7580094933509827,"z":-0.27524426579475405,"w":-0.5558164715766907},"size":225.9562530517578,"orthographic":false}