{"cameraMode":{"drawMode":0,"name":"Shaded","section":"Shading Mode"},"sceneLighting":false,"audioPlay":false,"sceneViewState":{"showFog":true,"showMaterialUpdate":false,"showSkybox":false,"showFlares":true,"showImageEffects":true,"showParticleSystems":true},"in2DMode":false,"pivot":{"x":6.986779689788818,"y":-2.254718780517578,"z":-8.158020973205567},"rotation":{"x":-0.2158658653497696,"y":-0.6310132741928101,"z":0.18900072574615479,"w":-0.7207810282707214},"size":4.65185022354126,"orthographic":false}