{"cameraMode":{"drawMode":0,"name":"Shaded","section":"Shading Mode"},"sceneLighting":false,"audioPlay":false,"sceneViewState":{"showFog":true,"showMaterialUpdate":false,"showSkybox":false,"showFlares":true,"showImageEffects":true,"showParticleSystems":true},"in2DMode":false,"pivot":{"x":-0.800000011920929,"y":0.782627284526825,"z":-0.6100000143051148},"rotation":{"x":0.029342791065573694,"y":-0.9687869548797607,"z":0.20193639397621156,"w":0.14077068865299226},"size":0.6730235815048218,"orthographic":false}