{"cameraMode":{"drawMode":0,"name":"Shaded","section":"Shading Mode"},"sceneLighting":true,"audioPlay":false,"sceneViewState":{"showFog":true,"showMaterialUpdate":false,"showSkybox":true,"showFlares":true,"showImageEffects":true,"showParticleSystems":true},"in2DMode":false,"pivot":{"x":321.5943298339844,"y":-79.0677261352539,"z":254.9551544189453},"rotation":{"x":0.08483614027500153,"y":-0.3289467990398407,"z":0.029683595523238183,"w":0.9400669932365418},"size":10.0,"orthographic":false}