{"cameraMode":{"drawMode":0,"name":"Shaded","section":"Shading Mode"},"sceneLighting":true,"audioPlay":false,"sceneViewState":{"showFog":true,"showMaterialUpdate":false,"showSkybox":true,"showFlares":true,"showImageEffects":true,"showParticleSystems":true},"in2DMode":false,"pivot":{"x":-5.732983589172363,"y":1.4594769477844239,"z":16.099889755249025},"rotation":{"x":-0.09092937409877777,"y":0.202290877699852,"z":-0.01886766217648983,"w":-0.9749147891998291},"size":11.917531967163086,"orthographic":false}