{"cameraMode":{"drawMode":0,"name":"Shaded","section":"Shading Mode"},"sceneLighting":true,"audioPlay":false,"sceneViewState":{"showFog":true,"showMaterialUpdate":false,"showSkybox":true,"showFlares":true,"showImageEffects":true,"showParticleSystems":true},"in2DMode":false,"pivot":{"x":194.052001953125,"y":1614.618896484375,"z":-309.7144775390625},"rotation":{"x":0.028782378882169725,"y":0.6740689873695374,"z":-0.026302311569452287,"w":0.7376395463943481},"size":2.352677345275879,"orthographic":false}