{"cameraMode":{"drawMode":0,"name":"Shaded","section":"Shading Mode"},"sceneLighting":false,"audioPlay":false,"sceneViewState":{"showFog":true,"showMaterialUpdate":false,"showSkybox":false,"showFlares":true,"showImageEffects":true,"showParticleSystems":true},"in2DMode":false,"pivot":{"x":-2.009999990463257,"y":0.601487398147583,"z":-0.5908806920051575},"rotation":{"x":0.000002445024847474997,"y":-0.9610058665275574,"z":-7.486726758543227e-7,"w":0.2765629291534424},"size":0.6982163190841675,"orthographic":false}