{"cameraMode":{"drawMode":0,"name":"Shaded","section":"Shading Mode"},"sceneLighting":false,"audioPlay":false,"sceneViewState":{"showFog":true,"showMaterialUpdate":false,"showSkybox":false,"showFlares":true,"showImageEffects":true,"showParticleSystems":true},"in2DMode":false,"pivot":{"x":6.619999885559082,"y":3.3450000286102297,"z":21.6200008392334},"rotation":{"x":-0.09092937409877777,"y":0.202290877699852,"z":-0.01886766217648983,"w":-0.9749147891998291},"size":10.567621231079102,"orthographic":false}