{"cameraMode":{"drawMode":0,"name":"Shaded","section":"Shading Mode"},"sceneLighting":false,"audioPlay":false,"sceneViewState":{"showFog":true,"showMaterialUpdate":false,"showSkybox":false,"showFlares":true,"showImageEffects":true,"showParticleSystems":true},"in2DMode":false,"pivot":{"x":-0.800000011920929,"y":0.7391672134399414,"z":-0.6100000143051148},"rotation":{"x":0.18185336887836457,"y":-0.5717347264289856,"z":0.13176031410694123,"w":0.7891119718551636},"size":0.6982163190841675,"orthographic":false}