{"cameraMode":{"drawMode":0,"name":"Shaded","section":"Shading Mode"},"sceneLighting":false,"audioPlay":false,"sceneViewState":{"showFog":true,"showMaterialUpdate":false,"showSkybox":false,"showFlares":true,"showImageEffects":true,"showParticleSystems":true},"in2DMode":false,"pivot":{"x":-2.0369324684143068,"y":0.665863573551178,"z":-0.6327129006385803},"rotation":{"x":0.1410711407661438,"y":0.2661411762237549,"z":-0.039407555013895038,"w":0.9527455568313599},"size":0.6730235815048218,"orthographic":false}