{"cameraMode":{"drawMode":0,"name":"Shaded","section":"Shading Mode"},"sceneLighting":true,"audioPlay":false,"sceneViewState":{"showFog":true,"showMaterialUpdate":false,"showSkybox":true,"showFlares":true,"showImageEffects":true,"showParticleSystems":true},"in2DMode":false,"pivot":{"x":1.5379862785339356,"y":4.844688892364502,"z":-12.21750545501709},"rotation":{"x":-0.022368354722857477,"y":-0.9692921042442322,"z":0.0962749719619751,"w":-0.22522282600402833},"size":-1.0462291240692139,"orthographic":false}