{"cameraMode":{"drawMode":0,"name":"Shaded","section":"Shading Mode"},"sceneLighting":false,"audioPlay":false,"sceneViewState":{"showFog":true,"showMaterialUpdate":false,"showSkybox":false,"showFlares":true,"showImageEffects":true,"showParticleSystems":true},"in2DMode":false,"pivot":{"x":-3.9100000858306886,"y":0.6224035024642944,"z":-0.6299999952316284},"rotation":{"x":0.000002445024847474997,"y":-0.9610058665275574,"z":-7.486726758543227e-7,"w":0.2765629291534424},"size":0.6982163190841675,"orthographic":false}