{"cameraMode":{"drawMode":0,"name":"Shaded","section":"Shading Mode"},"sceneLighting":false,"audioPlay":false,"sceneViewState":{"showFog":true,"showMaterialUpdate":false,"showSkybox":false,"showFlares":true,"showImageEffects":true,"showParticleSystems":true,"showVisualEffectGraphs":true,"m_FxEnabled":true},"in2DMode":false,"pivot":{"x":16.01177215576172,"y":2.3333611488342287,"z":19.079404830932618},"rotation":{"x":-0.001219174824655056,"y":-0.9985373616218567,"z":0.04796642065048218,"w":-0.02517249993979931},"size":4.393981456756592,"orthographic":false}