{"cameraMode":{"drawMode":0,"name":"Shaded","section":"Shading Mode"},"sceneLighting":false,"audioPlay":false,"sceneViewState":{"showFog":true,"showMaterialUpdate":false,"showSkybox":false,"showFlares":true,"showImageEffects":true,"showParticleSystems":true,"showVisualEffectGraphs":true,"m_FxEnabled":true},"in2DMode":false,"pivot":{"x":7.071662902832031,"y":-2.1206257343292238,"z":-8.13121223449707},"rotation":{"x":0.0017978494288399816,"y":-0.9961043000221252,"z":0.020921403542160989,"w":0.08567233383655548},"size":1.7053388357162476,"orthographic":false}